avaliacao,texto,sentimento
1,O livro chegou bastante 'entortado',insatisfa√ß√£o
5,"O livro de Dale Carnegie √© um cl√°ssico da auto-ajuda e por isso tive receio ao compr√°-lo, pois imaginava uma pilha de clich√™s que me seriam pouco √∫teis. Percebi que n√£o √© apenas um livro para vender melhor, embora possa ser lido assim. N√£o √© um livro para t√≠midos desabrocharem, embora possa ser lido assim. Foi surpreendente perceber que, para al√©m da auto-ajuda, h√° um m√©todo e um interesse genu√≠no no aux√≠lio √† melhora das intera√ß√µes sociais.",satisfa√ß√£o
5,"Confesso que sempre tenho um preconceito com livros com t√≠tulos similares, mas se tivesse lido esse livro 10 anos atr√°s eu teria me poupado de um duro aprendizado cheio de pancadas. O livro √© fornece uma an√°lise interessante das rela√ß√µes humanas, tem muitos exemplos e continua bastante relevante, n√£o tem como n√£o se tornar melhor depois de ler.",satisfa√ß√£o
5,"J√° tinha lido outro livro do Dale Carnegie antes, ""Como Falar em P√∫blico e Influenciar Pessoas no Mundo dos Neg√≥cios"". √â um livro leve, com muitos exemplos reais e hist√≥rias interessantes, o que me fez criar a expectativa de que ""Como Fazer Amigos e Influenciar Pessoas"" seria parecido. E nesses aspectos, √© bem parecido mesmo.Sinto humildade na escrita do autor, mesmo nos momentos quando ele se vangloria do seu m√©todo ser eficiente, o que prova que ele realmente se tornou algu√©m que sabe passar suas ideias da melhor forma poss√≠vel. Basicamente, esse livro trata de como melhorar sua comunica√ß√£o, e te faz enxergar de maneira impl√≠cita, que dialogar com algu√©m tamb√©m √© uma quest√£o de estrat√©gia.Os temas de alguns cap√≠tulos √†s vezes convergem e fica dif√≠cil perceber alguma distin√ß√£o entre eles, por√©m isso n√£o atrapalha muito, pois a leitura √© divertida e os exemplos variam.Sei que, no fim das contas, esse √© um livro t√£o consagrado que essa minha resenha n√£o vai fazer diferen√ßa alguma se voc√™ vai compr√°-lo ou n√£o, mas de todo modo, recomendo demais a leitura!",satisfa√ß√£o
5,"Cl√°ssico atemporal publicado pela primeira vez em 1937, um dos livros mais lidos do mundo, Dale Carnegie prop√µe 30 princ√≠pios fundamentais para:- lidar com as pessoas;- conquistar novas amizades;- influenciar pessoas a pensarem do seu modo;- como ser um l√≠der.Apresentando t√©cnicas e estrat√©gias fundamentais.Este livro √© indicado para qualquer pessoa que pode ser usado tanto na vida profissional como na vida pessoal. Um dos melhores livros de desenvolvimento pessoal.",satisfa√ß√£o
1,"O livro atribui boas estrat√©gias, mas identifiquei que os v√°rios exemplos que o autor oferece para voc√™ visualizar a situa√ß√£o n√£o passam de uma forma de ocupar p√°ginas. Em algumas partes, voc√™ encontra mais de tr√™s hist√≥rias extensas apenas para entender como voc√™ deve trocar um jeito de falar por outro.Estou tendo que ler o livro pulando conte√∫do e sublinhando a parte que ele comenta do assunto pr√°tico. Acredito que existam v√°rios outros livros bem mais curtos que atribuem o mesmo conte√∫do de uma forma muito mais direta do que esse.Em compensa√ß√£o, o livro veio novo e em √≥tima qualidade de impress√£o.",insatisfa√ß√£o
3,Tem algumas li√ß√µes interessantes. Mas virou um livro datado que vem perdendo for√ßa. Poderia ser enxugado em um podcast de 20 minutos.,neutro
5,"Vi uma uma recomenda√ß√£o do Buffet, que disse que esse livro mudou sua vida. Vale a leitura. J√° li pela segunda vez. Vou aplicar para o resto da vida.",satisfa√ß√£o
5,"O livro chegou em √≥timo estado ( como era de se esperar), foi entregue muito antes do prazo previsto. Se tratando da leitura: Comecei a ler em PDF, mas preferi comprar, como estudante da √°rea de administra√ß√£o o livro vai ser riqu√≠ssimo, ajuda tamb√©m para toda a vida. Recomendo a compra.",satisfa√ß√£o
5,"O conte√∫do desse livro nos gera uma reavalia√ß√£o comportamental e uma mudan√ßa de mentalidade. Somo criados de uma forma e costumamos agir pelos nossos pr√≥prios interesses ao inv√©s de levarmos em conta os interesses do pr√≥ximo. Todos os relatos citados no livro s√£o de grande import√¢ncia para uma melhora nas rela√ß√µes interpessoais e um grande aprendizado. O come√ßo √© mais surpreendente e em alguns momentos o livro parece se repetir, mas isso n√£o tira a efic√°cia que o conte√∫do nos traz.",satisfa√ß√£o
5,"Eu tinha um preconceito gigante por auto-ajuda, sentia que quem escrevia eram gurus que n√£o tinham capacidade de escrever uma obra de respeito. Em suma, eu achava que era enrola√ß√£o. Entretanto esse livro me fez olhar o desenvolvimento pessoal como algo incr√≠vel, pois o m√©todo de obter sucesso com as pessoas foi mostrado como algo totalmente diferente do que eu esperava. A √∫nica parte que me arrependo foi demorar tanto para l√™-lo.",satisfa√ß√£o
3,"Sei l√°, n√£o peguei o hype, voc√™ pode traduzir todo o livro em uma simples frase: aja decentemente com as pessoas.N√£o foi uma leitura ruim, mas longe de ter sido isso tudo que dizem.",neutro
5,"Esta obra √© conhecida por muitos e bem falada por quase todos. E n√£o √© atoa: com exemplos e hist√≥rias simples e bem explicadas, os princ√≠pios presentes no livro s√£o f√°ceis de serem entendidos, e imediatamente aplic√°veis, tanto na vida profissional, quanto na vida pessoal. Algumas dicas r√°pidas s√£o dadas ao longo do livro, que tornam a leitura mais din√¢mica e divertida, todos os princ√≠pios ensinados s√£o bem destacados e n√£o ficam d√∫vidas em rela√ß√£o √† cada cap√≠tulo, se sobrou d√∫vidas, talvez seja interessante reler alguns trechos. Creio que ser√° um livro revisitado ao longo dos tempos por mim, por se tratar de uma leitura f√°cil, conseguirei consultar dicas, t√©cnicas e princ√≠pios de rela√ß√µes pessoais sem grandes dificuldades. Sem d√∫vidas recomendo √† todos, ao final da leitura voc√™ estar√° entendendo muito mais sobre empatia e fraternidade, tornando-se um √≥timo amigo, vendedor, ou o que quer que seja, se fizer o uso dos ensinamentos feitos no livro. Nota 10.",satisfa√ß√£o
3,"O cerne edo conteudo √© bom, mas a redacao √© extramente prolixa, repetitiva. Dava para enxugar tudo em metade do texto. Muita repeticao, famosa ""enchecao de linguaca"". Leitura ruim.",neutro
4,"Fiquei entusiasmado ao poder ter a oportunidade de ler esse livro, pelo tanto em que via em que as pessoas o elogiavam. Mas n√£o sei se criei uma expectativa al√©m do que o livro acabou por oferecer e acabei n√£o achando l√° essas coisas. N√£o gostei muito pelo fato de n√£o ter nenhuma evid√™ncia cient√≠fica do que o autor sustenta nessa obra, sendo somente um conhecimento emp√≠rico do conte√∫do passado. Li livros como ""O poder do h√°bito"" e nesse sim; h√° uma argumenta√ß√£o com embasamento cient√≠fico em v√°rios peri√≥dicos, o que, pra mim, um leitor que gosta de fontes, se torna extraordin√°rio. No mais, o livro bom mas deixa a desejar nesse aspecto. O livro parece mais um manual com v√°rios trechos retirados de conversas feitas com empres√°rios etc e como esses sujeitos melhoram o seu of√≠cio com os ensinamentos do autor. Coisas clich√™s como: Em vez de criticar, elogie; aprenda a ouvir mais o outro; evitar criticar e fa√ßa um elogio etc... coisas t√£o b√°sicas e simpl√≥rios que no meu ver, uma pessoa adulta jovem atrav√©s de suas experi√™ncias coletivas j√° consegue perceber isso e n√£o precisa ler um livro para compreender. Por fim, comprei, li e n√£o me arrependo. Mas no meu ponto de vista deixa a desejar",satisfa√ß√£o
5,"Que livro meus caros leitores.Esse com toda e maior certeza se tornou meu livro de cabeceira, boa escrita, √≥timo conte√∫do, leitura obrigat√≥ria para todo e qualquer tipo de leitor. Edi√ß√£o linda, simples mas, ao mesmo tempo espl√™ndida, o famoso menos √© mais.O livro veio com uma pequena falha na capa, mas nada que seja necess√°rio a troca.Amazon nunca decepciona quando o assunto √© entrega r√°pida.Nada a reclamar, s√≥ enaltecer e indicar essa leitura maravilhosa!!",satisfa√ß√£o
4,"J√° havia lido esse livro antes, mas sem ter feito os devidos destaques. Agora  que li ap√≥s ter feito os devidos destaques posso ter maior facilidade para realizar consultas futuras, pois na minha opini√£o esse √© um livro que vale as consultas no futuro. Apesar do t√≠tulo ser um pouco apelativo, as situa√ß√µes e ideias apresentadas ao decorrer do livro s√£o √≥timas para compreendermos mais um pouco sobre o comportamento humano e como nos relacionarmos melhor com as pessoas a nossa volta. Em resumo, a aplica√ß√£o das ideias apresentadas nesse livro pode trazer uma melhoria de vida significativa para aqueles que buscam maneiras de se relacionarem melhor para com os outros, inclusive no campo dos neg√≥cios.",satisfa√ß√£o
5,"Recomend√°vel, o autor trouxe uma s√©rie de recomenda√ß√µes aplic√°veis no dia a dia que te dar√£o uma facilidade nas intera√ß√µes sociais, como todo livro desta √°rea s√≥ pela aplica√ß√£o destes princ√≠pios se poder√° obter os resultados desejados.",satisfa√ß√£o
5,"Este livro √© uma leitura obrigat√≥ria. Resumidamente: voc√™ pode ter muito estudo e ser um mestre em muitas √°reas da vida, mas se n√£o souber lidar com pessoas ser√° facilmente ""desbancado"" por algu√©m que tenha 1/3 do seu estudo, mas que sabe lidar com as pessoas.Obs. todo gestor deveria ler este livro. Pois infelizmente na maior parte das empresas h√° gestores que sabem de tudo, menos lidar com pessoas.",satisfa√ß√£o
1,"                    A m√≠dia n√£o p√¥de ser carregada.                ¬†O livro veio com defeitos nas p√°ginas 193, 194,195 e 196. Com isso impossibilitando de ler as p√°ginas mencionadas.Est√£o rasgadas, grudadas e com marca de tinta de impress√£o.",insatisfa√ß√£o
3,"Apesar do livro ter sido escrito anos, d√©cadas atr√°s.  O livro, ainda, pode ser utilizado para os tempos modernos, al√©m de ter v√°rias situa√ß√µes como exemplo para melhor entender e praticar no dia a dia. S√£o coisas b√°sicas,mas, que fazem muita diferen√ßa",neutro
5,"Livro incr√≠vel, se quiser melhorar sua rela√ß√£o no geral com as pessoas, pode comprar que √© sucesso!!",satisfa√ß√£o
5,"O livro √© extremamente empolgante e revigorante.Terminei a leitura com certa facilidade mesmo levando em considera√ß√£o as recomenda√ß√µes de leitura dos cap√≠tulos ""duas vezes"".Tipo de leitura: F√°cil, empolgante.Velocidade da leitura: Moderada, r√°pida.Tenho a sensa√ß√£o que j√° adoto algumas das atitudes e inspira√ß√µes do livro. üòâ",satisfa√ß√£o
5,"Leitura de f√°cil compreens√£o e compreens√£o muitos exemplos que me deixou muito reflexiva. Vou adotar e tamb√©m aplicar com leitura de cabeceira para manter vivo os ensinamentos.Acredito que esta leitura me deu algo diferente, algo que a muito n√£o prestava aten√ß√£o por esta no piloto autom√°tico.J√° estou seguindo no insta e gratid√£o ao Jonatas que me indicou esta leitura.",satisfa√ß√£o
5,"O t√≠tulo n√£o me parecia muito estimulante, mas como foi bem recomendado resolvi arriscar. Gostei bastante. Muitos e variados exemplos de situa√ß√µes em que podemos refletir, pensar, agir inteligentemente, se tornar mais emp√°ticos e um pouco melhor no processo de aperfei√ßoamento nas rela√ß√µes humanas. Recomendo para todos que buscam essa lapida√ß√£o e melhora pessoal e profissional.",satisfa√ß√£o
5,"Se voc√™ tem mais de 30 anos e nunca leu esse livro, voc√™ est√° terrivelmente atrasado.Ali√°s, a leitura obrigat√≥ria desse livro na adolesc√™ncia pouparia nossa sociedade de um milh√£o de problemas.Dale Carnegie √© um cl√°ssico atemporal.",satisfa√ß√£o
5,"Este livro √© atual√≠ssimo, e mostra o valor do relacionamento das pessoas no dia dia e na ascens√£o profissional. Numa √©poca em que tudo √© judicializado, as pessoas com opini√µes diferentes n√£o se respeitam, e se esquece da Toler√¢ncia, Indulg√™ncia, Paci√™ncia, e muitos mais, a EDUCA√á√ÇO e respeito pela outra pessoa. Os leitores v√£o descobrir como a gentileza e a aten√ß√£o podem MUDAR a VIDA das pessoas. Excelente leitura.",satisfa√ß√£o
5,"Sem d√∫vidas um dos melhores livros que j√° li na vida. A leitura √© t√£o fluida e compreens√≠vel, que voc√™ n√£o se cansa de ler. Terminei em 4 dias, o conte√∫do faz voc√™ querer mudar para sempre a forma de conversar com as pessoas, √© t√£o rico em ensinamentos, que j√° terei que l√™-lo novamente v√°rias vezes at√© conseguir absorver tudo.",satisfa√ß√£o
5,"Bom, o livro √© intitulado como uma auto-ajuda cl√°ssica. Por√©m, o conhecimento que o conte√∫do dele tr√°s, √© sem d√∫vida de um poder inestim√°vel. De forma pr√°tica, com muitos exemplos do dia-a-dia, Carnegie nos ensina a envolver as pessoas na sua fala, e isso no mercado √© uma arma fant√°stica, eu diria at√© perigosa, caso seja utilizada com m√°s inten√ß√µes. Mas como fiz o ditado: uma faca pode ser usada pra alimentar, mas tamb√©m para ferir, depende da inten√ß√£o, de quem a possui.",satisfa√ß√£o
5,"O que mais gosto aqui s√£o as hist√≥rias, voc√™ entende como funciona esse m√©todo incr√≠vel do Carnegie, √© extremamente pr√°tico e n√£o tem nada de mirabolante e imposs√≠vel. Como eu disse, √© um cl√°ssico que perdura gera√ß√µes, leia.",satisfa√ß√£o
5,"Antes de tudo quero elogiar o √≥timo servi√ßo de entrega, os livros chegaram em perfeito estado. quanto ao livro Como fazer amigos e influenciar pessoas, recomendo muito! Se levado na pr√°tica o conhecimento deste livro, pode virar um divisor de √°guas na sua vida.",satisfa√ß√£o
1,"Dicas piegas, desimportantes. Linguagem cafona. Exemplos chatos, longos, puxa saco de pol√≠ticos democratas (Deus no c√©u, Roosevelt na Terra, ECATI). Perdi meu tempo!N√£o recomendo",insatisfa√ß√£o
5,"Comprei o livro alguns meses atr√°s.Posso dizer que o livro √© realmente muito bom e f√°cil ler, o autor traz uma linguagem bem simples de acompanhar.Ao longo do livro, muitas historias s√£o contatas para exemplificar a mensagem que o autor deseja passar, fica meio repetitivo no final, mas mesmo assim vale muito a pena ler.",satisfa√ß√£o
5,"Algumas coisas que ele ensina no livro eu admito que j√° fazia pois faz parte da minha personalidade. Sempre fui do tipo que mais ouve e se interessa pelas hist√≥rias dos outros do que conta as pr√≥prias hist√≥rias.O mais legal √© que de todas as dicas que ele passa, ele exemplifica seus ensinamentos com hist√≥ria reais suas ou de seus alunos.N√£o sei como tem gente que n√£o gostou desse livro. Eu comprei por que sei que preciso melhorar meu relacionamento interpessoal, ainda mais agora que entrei na area de vendas.",satisfa√ß√£o
5,"                    A m√≠dia n√£o p√¥de ser carregada.                ¬†Entrega chegou super r√°pido, porque sou assinante prime, claro rsrsrs, o livro veio bem embalado, sobre seu conte√∫do ainda n√£o li, mais acredito que vou ter bastante aprendizado, ent√£o super recomendo üòÅü§ô.",satisfa√ß√£o
3,"Livro com ensinamentos muito b√°sicos e intuitivos. O lado bom √© que se encontra cheio de exemplos pr√°ticos que ajudam na memoriza√ß√£o e facilita na aplica√ß√£o do m√©todo. Al√©m disso, os exemplos datados e a estrutura repetitiva acabam tornando o livro um pouco cansativo.Recomendo, mas como um livro de introdu√ß√£o ao tema.",neutro
5,"Dale carnegie nos faz enteder como lidar com com as coisa mais complicada no nosso dia-a-dia que s√£o as pessoas kkk, abrir m√£o dos nossa ignor√¢ncias e do nosso egocentrismo, ver as coisas de um modo mais altru√≠sta, ver as coisas n√£o somente do nosso ponto de vista.Gostei muito desse livro, apareceu em momento q tava precisando dele kkk.",satisfa√ß√£o
5,"Li o livro pela necessidade que senti de me relacionar melhor com os pacientes que lido no dia a dia e fiquei feliz com o resultado. O livro possui estrat√©gias bem definidas de acordo com o objetivo do mesmo. Confesso que algumas hist√≥rias s√£o longas e dif√≠ceis de acreditar mas isso tem mais a ver com a personalidade do autor. No final das contas, atendeu minha necessidade e superou as expectativas.",satisfa√ß√£o
5,"Sempre ouvi falar desse livro mas tinha preconceito devido ao nome. Sempre pensei que fosse o tipo de auto ajuda barata. No entanto, fiquei surpreso ao ver que ele √© feito de exemplos reais e mostra como podemos influenciar pessoas se preocupando genuinamente com o que √© importante para elas.",satisfa√ß√£o
5,"Todos (e acredito que voc√™ seja inteligente, astuto e com objetivos) que desejarem alcan√ßar os seus objetivos deveriam ler este livro, pois acredito que voc√™ v√° concordar comigo que precisamos de outras pessoas ao longo de nossa caminhada e precisaremos que fa√ßam coisas para n√≥s e este livro nos mostra como convencer as pessoas a fazerem o que precisamos sem impormos de forma rude a nossa opini√£o.",satisfa√ß√£o
5,"                    A m√≠dia n√£o p√¥de ser carregada.                ¬†Produto excelente! Al√©m de entregarem muito antes do prazo estimado, chegou em √≥timo estado. O conte√∫do do livro tamb√©m √© √≥timo e inspirador.  O autor conseguiu sintetizar de uma maneira simples, inteligente e com exemplos pr√°ticos conceitos que eu j√° vinha ponderando h√° um tempo. Planejo adaptar os princ√≠pios propostos por Dale Carnegie ao meu estilo de vida.",satisfa√ß√£o
5,"Livro com uma leitura gostosa, com hist√≥rias de exemplos pr√°ticos de situa√ß√µes onde Dale Carnegie aborda como lidar com qualquer tipo de pessoas e situa√ß√µes. Me ajudou enxergar √°reas que estava com dificuldades e ainda entender o porqu√™ de ter dado algumas coisas certas ou erradas na minha vida. Recomendo demais esse livro e pretendo reler novamente em breve.",satisfa√ß√£o
3,"Comprei por indica√ß√£o, mas parece o √≥bvio. T√≠pico livro de auto ajuda.",neutro
1,"O livro √© repleto de exemplos que muitas vezes n√£o s√£o aplicaveis em experi√™ncias do dia a dia, pelo valor espera exemplos mais pr√°ticos e objetivos!",insatisfa√ß√£o
5,"O livro √© muito bom. As li√ß√µes apresentadas s√£o √≥timas, tenho certeza que ap√≥s a leitura o indiv√≠duo j√° n√£o ser√° mais o mesmo. Apliquei muita coisa e mudan√ßas est√£o acontecendo. Se estiver em d√∫vida (comprar ou n√£o comprar?) recomendo que compre. Garanto que em pelo menos um aspecto a tua vida vai ser transformada.",satisfa√ß√£o
5,"Simplesmente um dos melhores livros que j√° li, sem papinho de motiva√ß√£o, direto ao assunto, conte√∫do que se aplicado da certo. Trabalho com atendimento e apliquei v√°rias t√©cnicas apresentadas no livro, deu muito certo.",satisfa√ß√£o
2,Livro chegou amassado,insatisfa√ß√£o
3,"Eu n√£o curti muito, mas opini√£o cada um tem a sua, portanto leiam e tiram o que for de bom pra voc√™s.Eu achei muita enrola√ß√£o. S√£o muitos exemplos que n√£o precisavam de tantos assim",neutro
5,O nome do livro j√° diz. Mas o mais interessante √© que aprendemos mais sobre n√≥s mesmos e como funcionamos na presen√ßa de outras pessoas. Minhas rela√ß√µes nunca mais foram as mesmas.,satisfa√ß√£o
3,"√â um bom livro, mas poderia ser mais sucinto. O autor conta muitos casos e √†s vezes se torna enfadonho e cansativo. No entanto aborda princ√≠pios importantes e pr√°ticos para melhorias na vida pessoal e profissional.",neutro
5,"Um livro que chama a aten√ß√£o pela abordagem.. direta e objetiva. Uma leitura interessante, cheia de contos curtos que se mantem dentro do contexto durante todo o livro. Excelente livro e faz jus ao t√≠tulo de best seller. Imperd√≠vel.",satisfa√ß√£o
5,Sem d√∫vidas est√° entre os melhores livros da hist√≥ria. Se trata de t√©cnicas pr√°ticas aplic√°veis a m√∫ltiplas situa√ß√µes reais. Recomendo.,satisfa√ß√£o
5,"Esse livro √© maravilhoso, voc√™s v√£o amar, ele prende voc√™ e voc√™ aprende muita coisa boa, n√£o √© dinheiro jogado fora n√£o, podem adquirir, voc√™s n√£o v√£o se arrepender!",satisfa√ß√£o
5,"Todos que queiram se relacionar melhor com pessoas (vendedores, l√≠deres, pais, etc) devem ler esse livro. Nele voc√™ vai encontrar informa√ß√µes valiosas, acompanhadas de exemplos, para se relacionar melhor com sua fam√≠lia, amigos, clientes e etc.",satisfa√ß√£o
4,"O livro tem bons conselhos, d√°  boas dicas para aperfei√ßoarmos nas rela√ß√µes interpessoais. At√© a metade √© bastante interessante, depois fica repetitivo e com muitos exemplos de menor import√¢ncia.",satisfa√ß√£o
4,"                    A m√≠dia n√£o p√¥de ser carregada.                ¬†Chegou bem embalado, chegou r√°pido. Tudo certinho! S√≥ fiquei chateada porque fiquei procurando meu livro nos vizinhos porque estava falando no aplicativo que j√° tinha sido entregue ontem e recebi s√≥ hj, mais fora isso tudo ok",satisfa√ß√£o
5,Apesar do t√≠tulo canastr√£o esse livro sem d√∫vidas nenhuma √©  divisor de √°gua. Descobri ele por acaso e me considero com sorte. √â um livro de cabeceira para meus novos projetos,satisfa√ß√£o
4,"O livro apresenta excelentes conceitos que, se seguidos, podem aumentar muito sua capacidade de sucesso. Mas estes conceitos s√£o apresentados de forma repetitiva com profus√£o remexemo-nos similares.Mesmo assim, excelente livro",satisfa√ß√£o
5,"Este item depende de um prazo maior para dar uma melhor opini√£o, mas j√° indico pois gostei muito at√© onde li. √ìtima escrita e muito f√°cil de entendimento. Foi uma recomenda√ß√£o de leitura e eu estou gostando muito.",satisfa√ß√£o
5,"Sensacional o conte√∫do deste livro. O autor √© um profundo conhecedor da mente humana. Aqui sim tem muitos ensinamentos genu√≠nos sobre o comportamento humano. Esse livro ca√≠ bem para todos que queiram se tornar pessoas melhores, que queiram evoluir nas rela√ß√µes sociais, profissionais, familiar.",satisfa√ß√£o
4,"Os ensinamentos do autor servem em qualquer tempo e para qualquer pessoa, tanto pessoal como profissional. √â um livro para ser lido com calma e poucos cap√≠tulos por vez para que se possa refletir sobre o que foi dito, sen√£o se torna um pouco cansativo.",satisfa√ß√£o
5,"Ainda estou lendo por√©m, cheguei a conclus√£o que nunca √© tarde para revermos nossos conceitos. Cada vez mais com o passar do tempo, vamos perceber que lidar com pessoas ser√°/√© primordial (mesmo que voc√™ n√£o seja um l√≠der). Manter bons relacionamentos √© importante em todos os aspectos da nossa vida.",satisfa√ß√£o
2,"O livro at√© tem dicas interessantes para o dia a dia, por√©m os exemplos est√£o totalmente ultrapassados para o mundo atual, onde n√£o existem mais cartas e telegramas.Poderia ser resumido em um livreto, ou em alguns posts.",insatisfa√ß√£o
5,"Livro fant√°stico. Ainda que escrito na primeira metade do s√©culo XX, traz conceitos muito atuais para nossos tempos. Pode ser tranquilamente usado como manual de rela√ß√µes interpessoais, seja em neg√≥cios, seja em qualquer outra √°rea da vida.",satisfa√ß√£o
5,"Esse livro √© um divisor de √°guas, √© aquele que voc√™ desejaria que todos lessem e aquele que voc√™ desejaria ter lido h√° muito tempo. √â simplesmente maravilhoso, recomendo muito essa leitura.",satisfa√ß√£o
5,"Nunca foi t√£o necess√°ria a leitura desse livro. √â √∫til para as rela√ß√µes de trabalho e neg√≥cios, amizades, casamento... o autor √© claro em explicar os conceitos e descreve inumeras situa√ß√µes de pessoas que aplicaram e tiveram um resultado muito positivo. Todos deveriam ler!",satisfa√ß√£o
5,"Dale Carnegie √© um autor atemporal e acredito que Como fazer amigos e influenciar pessoas nunca ir√° ""envelhecer"".O livro √© altamente recomendado para quem quer realmente melhor a forma de se relacionar com as pessoas e ser um l√≠der, marido, pai, amigo melhor :)",satisfa√ß√£o
5,"Com uma sintaxe simples, este livro nos mostra os pontos positivos do poder da escuta. Nunca foi t√£o enf√°tico, que precisamos  ter empatia e escutar o pr√≥ximo. Leitura para a vida toda!!!",satisfa√ß√£o
4,"Os princ√≠pios trazidos s√£o muito interessantes. As vezes o fato de tantas cita√ß√µes exemplificando atitudes de pessoas fica um pouco duvidoso, mas, no geral, o livro traz uma abordagem muito bacana.",satisfa√ß√£o
5,"Este √©,provavelmente,o livros mais valioso e mais bem escrito que j√° li. Ele nos ensina muitos princ√≠pios que ajudam a sermos pessoas melhores e bons l√≠deres. Os ensinamentos sobre como lidar com as pessoas do jeito certo √© muito valioso.",satisfa√ß√£o
5,Livro transformador. Muitos insights. Vale a apena a leitura. Um dos melhores que li.,satisfa√ß√£o
5,O livro √© muito bom. Re√∫ne v√°rias hist√≥rias reais dos princ√≠pios sendo usados por v√°rias personalidades e pelo pr√≥prio autor tamb√©m. Tem uma √≥tima did√°tica e o pr√≥prio autor te incentiva e d√° conselhos de como tirar o melhor proveito do livro.,satisfa√ß√£o
5,"Todos deveriam procurar entender um pouco mais sobre relacionamentos interpessoais, evitando in√∫meros problemas e situa√ß√µes ruins. Acredito que esse livro √© essencial para qualquer indiv√≠duo.",satisfa√ß√£o
5,Concordo com todos que dizem que este livro deve ser o livro de cabeceira de todos. Ele √© maravilhoso!O Dale foi magn√≠fico ao escreve-lo. Tudo neste livro √© aplic√°vel. ( inclusive esta avalia√ß√£o!)Podem confiar no que ele promete.,satisfa√ß√£o
4,"Bom livro interessante f√°cil de ler .Excelente texto , f√°cil de ler , instrutivo, algumas partes repetitivas , no",satisfa√ß√£o
5,"Dicas pr√°ticas, simples e muito humanas.Farei uma nova leitura para potencializar os insightsRecomendo para todos que precisam ter rela√ß√µes mais pr√≥speras",satisfa√ß√£o
5,"Sem palavras para esta obra! Incr√≠vel!Deveria ser leitura obrigat√≥ria em todos os cantos do mundo.Inicialmente, comprei e-book e fiquei t√£o fascinado, que tive de compra o f√≠sico para poder ter perto de mim.",satisfa√ß√£o
5,N√£o √© um livro bobo. Possui dicas que realmente funcionam.,satisfa√ß√£o
5,"Ainda n√£o terminei o livro, mas s√≥ pelas primeiras p√°ginas quando comecei a ler, j√° fiquei impressionada. Me pergunto porque n√£o comecei a ler esse livro antes, que j√° est√° a tanto tempo aqui guardado. Leiam n√£o ir√£o se arrepender!",satisfa√ß√£o
5,Um cl√°ssico que nunca sai de moda. Livro essencial para forma√ß√£o de qualquer pessoa. Todo adolescente deveria ler no ensino m√©dio. Pouparia muitos problemas futuros.,satisfa√ß√£o
5,Acho que este foi e ser√° o livro mais importante que li e lerei na vida. N√£o achei que fosse ser o livro que foi. üëèüèª,satisfa√ß√£o
5,"excelente leitura, reflex√£o e aprendizado! recomendo muito a leitura. perfeito no kindle!",satisfa√ß√£o
5,"Li em uma semana, muito bom! Apesar de ser um livro muito antigo, √© muito atual e v√°rias regras l√°, fazem mesmo a diferen√ßa",satisfa√ß√£o
5,"As rela√ß√µes humanas est√£o, na minha opini√£o, entre as faculdades de maior import√¢ncia para o desenvolvimento humano. E este livro, de uma maneira pratica e simples, consegue contribuir para o enriquecimento pessoal nessa √°rea. Demais.",satisfa√ß√£o
5,"Muito bom , recomendado para aqueles que querem ter um pouco de vantagem sobre a vida. Ajuda no dia a dia em casa e tamb√©m no trabalho.",satisfa√ß√£o
5,"Dicas muitos importantes sobre interagir e influenciar pessoas, porem o titulo nao e dos melhores, pelo menos as pessoas que me viam que este livro falaram. Fora isso, legal",satisfa√ß√£o
5,"√ìtimo livro. Um cl√°ssico. N√£o √© o melhor livro que voc√™ ler√° na vida, mas √© uma leitura obrigat√≥ria. E releitura obrigat√≥ria tamb√©m.",satisfa√ß√£o
5,Livro muito bom! Boas dicas recomendo. Sem falar que √© um cl√°ssico de Auta ajuda...,satisfa√ß√£o
5,"comecei a ler o livro , estou amando , um otimo livro ,super recomendo , sao varios anos de experiencia de um autor lan√ßado em um livro , vale a pena comprar",satisfa√ß√£o
5,Comprei para meu filho ele gostou muito,satisfa√ß√£o
5,"Vale a pena a leitura, j√° li tr√™s vezes",satisfa√ß√£o
5,"Sensacional, principalmente para os dias atuais.",satisfa√ß√£o
5,"Dale Carnegie √© um g√™nio. Esse livro afetou muito positivamente minhas rela√ß√µes pessoais e de trabalho, simplesmente maravilhoso",satisfa√ß√£o
5,Eu gostei muito do livro. A forma como aborda cada assunto √© muito simples de entender al√©m de contar com exemplos o que tamb√©m facilita muito a leitura.Super recomendo a leitura.,satisfa√ß√£o
5,"Ajuda no crescimento interpessoal,  ajuda torna os relacionamentos mais saud√°veis. O livro nos ajuda num momento em que as pessoas est√£o cada vez mais se comunicando por meios eletr√¥nicos,  e assim resgatar a ess√™ncia das rela√ß√µes interpessoais.",satisfa√ß√£o
5,Livro vai muito alem de boa comunica√ß√£o. √â um estilo de vida.,satisfa√ß√£o
4,"Embora seja muito focado no mundo dos neg√≥cios, ainda √© um excelente livro com √≥timas li√ß√µes para usar no dia de hoje. Recomendo a leitura √© bem tranquila.",satisfa√ß√£o
5,Muito exemplo pr√°tico que facilita a absor√ß√£o do conte√∫do. As dicas e os resumos no final dos cap√≠tulos tamb√©m s√£o √≥timo.,satisfa√ß√£o
5,"√â uma leitura lenta, porque te faz refletir a cada p√°gina que voc√™ l√™ e rel√™. Os ensinamentos desse livro s√£o extremamente valiosos. N√£o tenho contras, daria certamente uma c√≥pia do livro de presente a qualquer amigo.",satisfa√ß√£o
5,"Boa Noite!O livro √© excelente!Mas seria √≥timo se quem j√° tem o livro pudesse ter uma vers√£o digital gratuita.Tenho problema de vis√£o, e ler no celular ou tablet √© bem melhor.",satisfa√ß√£o
3,Nada de extraordin√°rio,neutro
5,Um livro maravilhoso que vale a pena ler e reler . Testemunhos de supera√ß√£o rumo a jornada da evolu√ß√£o di√°ria no relacionamento humano.,satisfa√ß√£o
5,"√â um manual de como fazer amigos e influenciar pessoas.√â aquele livro que quando vc l√™, se pergunta como n√£o tinha lido antes.Cumpre com o que diz.Linguagem de f√°cil entendimento",satisfa√ß√£o
5,"Leitura obrigat√≥ria para todo mundo que queira viver melhor em sociedade, ajuda em todos os relacionamentos. Uma obra prima!",satisfa√ß√£o
5,"Um livro excelente que possibilita assimilar muito bem seu conte√∫do com leitura simples, e que realmente possibilita aspectos para mudan√ßas comportamentais.",satisfa√ß√£o
5,"Livro excelente, com uma did√°tica impressionante.Ser√° de grande valia para o dia a dia de qualquer pessoa.Boa leitura.",satisfa√ß√£o
5,"O livro cont√©m princ√≠pios sobre o relacionamento humano que apesar de parecerem simples e modestos, mas s√£o sinceramente essenciais para mantermos boas rela√ß√µes com todos.",satisfa√ß√£o
3,Entrega dentro do prazo. Produto conforme anunciado.,neutro
5,"Livro fant√°stico, deve ser sempre revisitado para tirar dele todo o ensinamento poss√≠vel.Muda o pensamento e como nos relacionamos com os outros.",satisfa√ß√£o
5,Maravilhoso... leitura leve e gostosa.No primeiro dia voc√™ j√° se decide a mudar as atitudes porque o que l√™ faz sentido!N√£o √© a toa que continua na lista de mais vendidos do mundo!,satisfa√ß√£o
5,"Simplesmente um √≥timo livro que todas as pessoas deveriam ler independente de sua √°rea de atua√ß√£o profissional ou classe social, far√° bem e acrescentar√° muito valor na vida de qualquer pessoa.",satisfa√ß√£o
5,"Fala algumas coisas √≥bvias, mas que precisam ser ditas. Um bom livro para introvertidos, assim como eu!",satisfa√ß√£o
5,"Gostei muito desse livro, ele fala de coisas que at√© parecem √≥bvias, mas a gente acaba nao praticando. Recomendo.",satisfa√ß√£o
5,√â uma obra prima que resume bem a obra de Dale Carnegie.,satisfa√ß√£o
5,"O princ√≠pio do livro √© muito atual √© raro hoje: colocar o outro em evid√™ncia, tratar como gostaria de ser tratado e olhar sob a perspectiva do outro para ter boas rela√ß√µes. Livro bem escrito e de leitura fluida. Recomendo!",satisfa√ß√£o
5,"O livro √© muito interessante, se voc√™ gosta e tem interesse em desenvolvimento pessoal √© o livro ideal. A √∫nica coisa que n√£o gostei muito √© que o livro d√° muitos exemplos o livro todo, tirando isso o livro √© incr√≠vel",satisfa√ß√£o
5,Vale cada centavo. Imposs√≠vel terminar esse livro sem tirar nenhuma li√ß√£o.,satisfa√ß√£o
5,O livro possui uma linguagem e modo de escrita que fazem n√£o querer parar. O conte√∫do √© t√£o pertinente e atual que parece ter sido escrito esse ano. √â um livro divisor de √°guas.,satisfa√ß√£o
5,"Apesar de ser t√£o antigo, tudo que mostra se mant√©m firme at√© hoje.Com exemplos de pessoas reais que seguiram o que foi ensinado e colhendo bons frutos,  pessoais quanto  profissionais.",satisfa√ß√£o
5,"A primeira vez que o li, a anos atr√°s, fez grande diferen√ßa na minha perspectiva sobre relacionar com as pessoas. √â o melhor livro que j√° li",satisfa√ß√£o
5,Mais de 50 anos e continua sendo um dos melhores livros de como ser uma pessoa melhor. Voc√™ vai ser melhor com voc√™ e com os outros. Livro para ser relido v√°rias e v√°rias vezes. √â livro de cabeceira!,satisfa√ß√£o
5,"Livro excelente, mas uma coisa nunca se esque√ßa, nunca deixe de ser voc√™ mesmo! Nem sempre voc√™ precisa agradar todo mundo, ainda mais quando o outro n√£o compactua com seus valores",satisfa√ß√£o
5,Amei o livro. Sem contar que  tudo o que eu compro no Amazon chegar sempre antes. Muito satisfeita com a Amazon. Obrigada!,satisfa√ß√£o
5,Muito bom. F√°cil de ler e entender seu conte√∫do. Muito √∫til para aprender ou aprimorar os relacionamentos pessoais e profissionais.,satisfa√ß√£o
5,Tenho lido a todo momento durante minha folga... Leitura que te estiga a n√£o parar de ler e agregar conhecimento para a vida... Livro pra ler e reler sempre!,satisfa√ß√£o
5,C√≥mo fazer amigos e influenciar pessoas √© um livro fant√°stico.As orienta√ß√µes do autor s√£o excelentes.Eu super recomendo a leitura desse livro.,satisfa√ß√£o
4,"Muito bom!O autor trabalha, numa linguagem simples, a forma de desenvolver e aprimorar as rela√ß√µes humanas!Vale a leitura.",satisfa√ß√£o
5,"Recomendo este livro a todas as pessoas, afinal temo rela√ß√µes direta com pessoas diariamente.",satisfa√ß√£o
5,"Livro que precisa ser lido por qualquer um que queira se relacionar melhor com as pessoas ao seu redor! Tr√°s exemplos que, apesar de antigos, s√£o bastante coerentes e explicam muito bem os conceitos!",satisfa√ß√£o
5,"Livro repleto de li√ß√µes pr√°ticas para lidarmos, compreendermos e exercermos maior influ√™ncia nas pessoas que fazem parte do nosso c√≠rculo de relacionamento.",satisfa√ß√£o
5,"Livro muito bom, realmente incrivel o conte√∫do desse livro, serve tanto para as rela√ß√µes entre familia, amigos e at√© nos neg√≥cios. Recomendo muito!!",satisfa√ß√£o
5,"Muito bom, o livro fala como devemos nos comunicar com as pessoas de forma, que n√£o ofendendo as pessoas com palavras que n√£o percebemos que pode magoar",satisfa√ß√£o
5,O material √© √≥timo e a impress√£o muito boa! Chegou intacto sem qualquer amassado ou problema. O conte√∫do do livro √© de excelente qualidade para quem gosta de livros do g√™nero.,satisfa√ß√£o
5,"Livro sensacional, que n√£o envelheceu com o tempo. Seus ensinamentos e exemplos s√£o aplic√°veis at√© hoje e continuar√£o a ser por muitos s√©culos.",satisfa√ß√£o
5,"Sensacional, fant√°stico muito bom, super didatico, com exemplos autoexplicativo, prende a aten√ß√£o faz querer ler mais e mais, bom mesmo.",satisfa√ß√£o
1,"N√£o vou entrar na quest√£o da qualidade do livro/do texto do autor. E sim da qualidade do produto entregue. Veio todo cheio de manchas e arranh√µes, me decepcionei bastante com o estado da capa do livro",insatisfa√ß√£o
5,chegou a compra conforme eu tinha combinado e melhor que pensei?,satisfa√ß√£o
5,Livro bom,satisfa√ß√£o
4,"O livro √© fant√°stico claro, mas a vers√£o que recebi parece muito antiga, n√£o √© vers√£o atualizada. Mas s√≥ me atentei a isso depois que j√° tinha passado o prazo de devolu√ß√£o.",satisfa√ß√£o
5,"Livro muito bom, recomendo",satisfa√ß√£o
5,"Fant√°stico, indispens√°vel para rela√ß√µes interpessoais.Estou comprando outros para dar de presente √†s pessoas que gosto, assim como procurando outros livros do mesmo autor.",satisfa√ß√£o
5,O livro √© lindo meio emborrachado e chegou em perfeito estado.,satisfa√ß√£o
5,Um dos melhores livros que j√° li na minha vida. √â aquele tipo que voc√™ sente a necessidade de ler e reler sempre. Mant√©m na mesa pra consultar sempre que precisa.,satisfa√ß√£o
5,"Um conte√∫do muito interessante sobre negocia√ß√£o, rela√ß√µes humanas. Indico muito! Deveria estar como livro b√°sico para todos lerem! Livro atemporal .",satisfa√ß√£o
5,"Essa leitura √© recomensada √† todos, leve, pr√°tica, objetiva, eficaz e atemporal. Se encaixa perfeitamente nas tratativas interpessoais, de qualquer pessoa que preze pela boa vida.",satisfa√ß√£o
5,Tanta coisa boa nele que fiquei perdida na leitura üìö tudo de bom. Dou at√© 200 estrelas.,satisfa√ß√£o
5,"Para uma boa comunica√ß√£o, recomendo.",satisfa√ß√£o
5,"Que livro! Vale muito a pena a leitura.Ele traz pontos que pode ser usado no dia-dia nas rela√ß√µes com pessoas e tamb√©m super aplic√°vel no trabalho, em negocia√ß√µes...",satisfa√ß√£o
5,"√ìtimo, pois o conhecimento que este livro passa muda as formas de pensar, agir  com as pessoas e com isso tornar/criar relacionamentos saud√°veis com essas.",satisfa√ß√£o
5,"Satisfa√ß√£o total e muito agradecido com o comprometimento da Amazon em suas entregas, fiz o pedido no dia 05/09 de madrugada, quando foi hoje a tarde 08/09 j√° entregaram, maravilhoso, super recomendo.",satisfa√ß√£o
5,Leitura obrigat√≥ria para quem deseja sucesso profissional e melhorias em todos os relacionamentos. Um dos melhores livros que j√° li.,satisfa√ß√£o
5,"Livro muito bom e interessante, tr√°s uns "" insights"" para a vida, de fato. Acredito que deveria ser como um paradid√°tico nas escolas, ajudaria bastante no desenvolvimento pessoal.",satisfa√ß√£o
5,"                    A m√≠dia n√£o p√¥de ser carregada.                ¬†Ansiosa para ler, hegou em perfeito estado.",satisfa√ß√£o
5,"Gosto de comprar na Amazon, sempre supera minhas espectativas na entrega, sempre bem embalados os produtos. Livro muito top e atual, apesar de ter sido lan√ßado a muito tempo atr√°s.",satisfa√ß√£o
5,"Eu mal iniciei a leitura e j√° estou adorando os exemplos e orienta√ß√µes dadas nesse livro. Eu sempre estou em meio a v√°rias pessoas, principalmente estudantes, ent√£o com certeza ir√° potencializar minha boa rela√ß√£o com as pessoas.",satisfa√ß√£o
5,Livro que faz a gente rever as nossas a√ß√µes e tentar melhorar como pessoa... simplesmente fant√°stico!!!,satisfa√ß√£o
5,Chegou antes da data prevista. Td certinho.,satisfa√ß√£o
1,                    A m√≠dia n√£o p√¥de ser carregada.                ¬†Acabei de retirar o livro da embalagem e a surpresa foi o livro estar descolando. Fiz quest√£o de comprar um novo para n√£o ter esse tipo de problema. Decepcionada.,insatisfa√ß√£o
5,"Deveria ser obrigat√≥rio  ler esse livro! Fiz o curso do Dale tamb√©m, e foram excepcionais para a minha carreira profissional.",satisfa√ß√£o
5,Simplesmente essencial para uma melhor comunica√ß√£o e entendimento de como funciona o trato com as pessoas. Esse livro mudou minha vida.,satisfa√ß√£o
5,Todos deveriam ler esse livro pois te alavanca na carreira e faz voc√™ saber se comunicar com as outras pessoas de forma leve,satisfa√ß√£o
5,"Mod√©stia parte, eu sou um √°vido leitor. N√≥ entrando havia muito tempo que eu n√£o esbarrava em um livro t√£o bom diante do que se prop√µe. Leitura obrigat√≥ria.",satisfa√ß√£o
5,"Entregue em 3 dias, maravilhoso!!!!",satisfa√ß√£o
5,"Fiquei simplesmente apaixonada por esse livro, nunca tinha visto algo parecido, traz com clareza como devemos tratar as pessoas para sermos amadas, recomendo a todos.",satisfa√ß√£o
5,"O produto chegou no tempo estimado e em √≥timo conserva√ß√£o, a minha nota √© quest√£o de tempo de entrega e cuidado com o produto, veio embalado e lacrado, excelente.",satisfa√ß√£o
5,"O √∫nico problema e que tem muitos exemplos.Mais e √≥timo,j√° aprendi muito lendo apenas 10 p√°ginas.",satisfa√ß√£o
5,Sem coment√°rios.,satisfa√ß√£o
5,"Bem embalado, perfeito estado e entrega hiper r√°pida !",satisfa√ß√£o
5,"Gostei muito das li√ß√µes ensinadas no livro, realmente muito inspirador para o dia a dia!!!!",satisfa√ß√£o
5,Livro com folhas bem cheirosas e capa bonita. Leitura maravilhosa para a vida toda.,satisfa√ß√£o
5,"Se aplicados, os princ√≠pios do livro podem fazer muita diferen√ßa n√£o s√≥ no trabalho, mas na vida pessoal tbm. Vale a pena ler.",satisfa√ß√£o
4,"Uma boa leitura para relembrar o que j√° sabemos, mas n√£o conseguimos muitas vezes adotar. Serve como reflex√£o e melhora de qualidade de vida. üòÅ",satisfa√ß√£o
5,Todos deveriam ler esse livro. Muito bom!,satisfa√ß√£o
5,Excelente!!! Estou fazendo o treinamento e realmente √© impactante!!!Aprendemos a vivenciar com uma nova mentalidade e assim vivemos uma nova realidade!!!,satisfa√ß√£o
5,Um livro sensacional que muitas pessoas deveria ler e aplicar!! Mudou muito minha mentalidade.,satisfa√ß√£o
5,O produto veio intacto e sem amassados.,satisfa√ß√£o
2,"O conte√∫do do livro √© √≥timo, os ensinamentos s√£o super √∫teis e atualizados. Por√©m a capa deixa a desejar. Al√©m de ser fosca e mole, √© feita de um material grudento e suja muito!",insatisfa√ß√£o
4,"Gostei bastante do livro, por√©m senti que ele √© um pouco repetitivo da parte 3 para a 4.",satisfa√ß√£o
4,Um contexto bom sobre formas diferentes de abordagem pessoal e profissional. Vale a pena a leitura.,satisfa√ß√£o
5,"Eu super recomendo esse livro! Ajuda muito, estou encantada com o autor e j√° li outro dele e vou ler mais.",satisfa√ß√£o
5,"√â realmente uma fonte inesgot√°vel de dicas valiosas, com exemplos pr√°ticos, sobre como podemos nos relacionar melhor. Recomendo a compra, √© √∫til por toda a vida!",satisfa√ß√£o
5,"Em perfeitas condi√ß√µes, bem embalado e entrega r√°pida e dentro do prazo, adorei.",satisfa√ß√£o
5,"Gostei muito deste livro. O mais interessante √© que o autor vai argumentando sobre cada subtema e para fortificar sua argumenta√ß√£o, ele dar v√°rios exemplos de acontecimentos reais.",satisfa√ß√£o
5,"Estava muito ansiosa por essa chegada, e a pesar de n√£o conclu√≠do , me apaixonei por cada p√°gina . Em breve comprei os semelhantes ‚≠êÔ∏è‚≠êÔ∏è‚≠êÔ∏è‚≠êÔ∏è‚≠êÔ∏è.",satisfa√ß√£o
5,Dicas valios√≠ssimas sobre rela√ß√µes humanas. Apliquei alguns conceitos e o resultado foi imediato! Recomendo!,satisfa√ß√£o
3,"Livro com conte√∫do bom , mas exemplos muito antigos.",neutro
5,"Toda pessoa tem q ler este livro, nos faz ser melhores seres humanos.",satisfa√ß√£o
5,"                    A m√≠dia n√£o p√¥de ser carregada.                ¬†Gostei da qualidade do produto e da embalagem, principalmente.",satisfa√ß√£o
4,Bom.,satisfa√ß√£o
5,Melhor livro de autoajuda / desenvolvimento pessoal que j√° li. Simplesmente fant√°stico!,satisfa√ß√£o
5,"Um guia definitivo de rela√ß√µes humanas, recomendo a todos, n√£o √© um livro para gerentes, CEO ou vendedor, √© um livro para qualquer pessoa que deseje melhorar suas rela√ß√µes humanas.",satisfa√ß√£o
5,Livro de tamanho m√©dio. Qualidade boa.,satisfa√ß√£o
5,Chegou como o esperado.,satisfa√ß√£o
5,"Recomendo a Compra. Entrega na data Prevista. E uma excelente leitura, todos deveriam ler.",satisfa√ß√£o
5,"Adorei!!! Chegou r√°pido, menos de 1 semana desde que fiz o pedido, literalmente chegou em dois dias e veio muito bem embalado!!!",satisfa√ß√£o
5,"Gostei muito do livro...me deu v√°rios insights de como mudar o tratamento com as pessoas mesmo em situa√ß√µes dif√≠ceis, delicadas ou sob press√£o... recomendo.",satisfa√ß√£o
5,"Conforme o an√∫ncio..Sobre o envio, a entrega sensacional de sempre, chegando antes da data marcado para ser entregue",satisfa√ß√£o
5,Excelente livro! Conceitos aplic√°veis a todas as √°reas da vida. Leitura obrigat√≥ria para lideres. Recomendo muit√≠ssimo.,satisfa√ß√£o
5,"O produto foi entregue de maneira r√°pida,  exatamente conforme descrito pelo vendedor..Estou muito satisfeita",satisfa√ß√£o
5,"O livro, de texto leve e de f√°cil entendimento, √© melhor do que eu esperava. A maioria das li√ß√µes s√£o aplic√°veis.",satisfa√ß√£o
5,"Livro simplesmente espetacular. Talvez sirva mais para alguns que para outros, mas acredito que se todas as pessoas lessem as rela√ß√µes se tornariam muito mais fluidas, NO MINIMO.",satisfa√ß√£o
5,"Um livro com princ√≠pios e ideias sensacionais que ensinam como lidar com as pessoas e o real sentido disso, que √© usando a empatia.Simplesmente sensacional.",satisfa√ß√£o
5,Fez-me mudar o modo de debater e de v√™ as outras pessoas.,satisfa√ß√£o
5,Uma verdadeira obra prima. Livro atemporal com conselhos valios√≠ssimos.,satisfa√ß√£o
5,RECOMENDO,satisfa√ß√£o
5,"Super indico, me ajudou a perceber quanto eu estava errando ao me relacionar com pessoas. Voc√™ vai aprender princ√≠pios f√°ceis de serem aplicados.",satisfa√ß√£o
5,"√â um livro fant√°stico, de leitura simples e muito rica. O autor nos d√° dicas que colaboram para que tenhamos sucesso nos relacionamentos sociais na vida pessoal e profissional.",satisfa√ß√£o
5,Excelente,satisfa√ß√£o
5,"S√£o h√°bitos simples, q com um toque de percep√ß√£o e dedica√ß√£o a alguns t√≥picos podem mudar a forma como as pessoas te tratam ou podem tratar no futuro",satisfa√ß√£o
5,incr√≠vel,satisfa√ß√£o
5,Produto em excelente estado. Entrega super r√°pida! Feliz com a aquisi√ß√£o!,satisfa√ß√£o
5,"Livro √© maravilhoso, te faz refletir sobre v√°rias coidas.",satisfa√ß√£o
5,Essa deveria ser uma leitura obrigat√≥ria para todos,satisfa√ß√£o
5,"Um livro fundamental para os que procuram transcender os pr√≥prios conhecimentos, ensinando uma maneira de se conectar de forma adequada a outros indiv√≠duos.",satisfa√ß√£o
5,Um dos melhores que j√° li. N√£o √© a toa que foi recomendado por Buffett. Leitura bem f√°cil e agrad√°vel.,satisfa√ß√£o
5,"√ìtimo livro para reflex√µes de rela√ß√µes interpessoais, de forma pr√°tica levanta diversas atitudes simples a serem usadas por qualquer pessoa para melhorar suas rela√ß√µes.",satisfa√ß√£o
5,"Ainda estou lendo o livro, por√©m apresenta uma did√°tica muito boa e √© lido facilmente.",satisfa√ß√£o
5,Produto chegou bem embalado. Come√ßando a leitura √≥timo üëç,satisfa√ß√£o
4,Muito bom aprendendo muito,satisfa√ß√£o
5,Muito bom,satisfa√ß√£o
5,Gostei muito das experi√™ncias pr√°ticas de diversas pessoas no livro que nos ajudam a ver como podemos aplicar cada ensinamento no nosso dia a dia.,satisfa√ß√£o
5,"Muito bom o livro, ajuda bastante no desenvolvimento pessoal e profissional de todas as pessoas que tem vontade de aprender",satisfa√ß√£o
5,√ìtimo para vendas,satisfa√ß√£o
5,"Livro maravilhoso,deveria ser dado para cada ser humano ler quando crian√ßa,para quando atingir a idade adulta ter mais empatia no trato com as pessoas.",satisfa√ß√£o
5,Excelente livro. Recomendo.,satisfa√ß√£o
5,"Livro muito bom, apesar de ter sido escrito na d√©cada de 1930, seus ensinamentos s√£o muito √∫teis para os dias de hoje.",satisfa√ß√£o
5,"Veio r√°pido e em perfeito estado, maravilhoso!",satisfa√ß√£o
5,A entrega mais r√°pida que j√° tive. Recebi no outro dia. Agora bora pra leitura. Li a amostra no Kindle e j√° adorei.,satisfa√ß√£o
5,chegou perfeito estado os livros.,satisfa√ß√£o
4,"√â bom, tr√°s v√°rios exemplos legais e de modo geral ensina bastante. Boa leitura de domingo. Tem que escrever mais 4 palavras.",satisfa√ß√£o
5,"livro veio muito bem embalado, sem amassados, entrega muito r√°pida",satisfa√ß√£o
5,Entrega perfeita. Ok.,satisfa√ß√£o
5,Um dos melhores livros (se n√£o o melhor) de rela√ß√µes pessoais.,satisfa√ß√£o
5,Livro bem fundamentado...,satisfa√ß√£o
5,"Surpreso e satisfeito com a velocidade da entrega! O pagamento do produto foi confirmado ontem de manh√£, e hoje j√° recebi ele. Veio em perfeito estado!",satisfa√ß√£o
5,"Ainda estou na p√°gina 90, mas o livro j√° est√° me ajudando muito nas vendas.",satisfa√ß√£o
5,"O produto √© de √≥tima qualidadeO livro √© maravilhoso mudou minha forma de pensar a respeito das outras pessoas, conte√∫do indispens√°vel",satisfa√ß√£o
5,"Esse livro foi incr√≠vel, devorei em poucos dias. Indico muito pra todo mundo que quer ter rela√ß√µes mais conscientes, pessoais e profissionais.",satisfa√ß√£o
5,"Livro bonito, filhas grossas, amarelas, letras grandes, muito bem editado",satisfa√ß√£o
5,Superr recomendado este livro Para todo tipo de publicoTe ajuda com auto estima e tem todos os requisitos necesarios,satisfa√ß√£o
5,N√£o tem como descrever a perfei√ß√£o que √© esse livro!,satisfa√ß√£o
5,"√â um livro que todos deveriam ler, independente de profiss√£o, conhecimento, contatos etc... O livro √© praticamente um manual da comunica√ß√£o e bons modos.",satisfa√ß√£o
5,Muito bom üòä,satisfa√ß√£o
5,Bons conselhos de forma pr√°tica e f√°cil de entender,satisfa√ß√£o
5,Chegou antes do prazo. Li a primeira parte e j√° gostei muito. Recomendo pra todos,satisfa√ß√£o
5,Entrega excelente! Chegou em perfeito estado e antes do prazo.,satisfa√ß√£o
5,Muito bom,satisfa√ß√£o
5,"√ìtimo livro, leitura surpreendente e inspiradora, recomento!!!!!",satisfa√ß√£o
5,V√°rias dicas,satisfa√ß√£o
5,"Produto muito bom, chegou bem conservado e protegido. MUITO RAPIDO. E vale muito a pena !",satisfa√ß√£o
5,At√© minha filha de 14 anos leu e adorou!,satisfa√ß√£o
5,"Maravilhoso o livro, chegou em perfeito estado, entrega super r√°pida",satisfa√ß√£o
5,Bom saber como certas coisas n√£o mudam com o tempo.,satisfa√ß√£o
5,Livro mostra que o segredo da boa comunica√ß√£o √© ter empatia com os outros.,satisfa√ß√£o
5,"Um manual para praticamente todas as situa√ß√µes, mais validas ainda pra quem trabalha com vendas.",satisfa√ß√£o
5,"Chegou perfeitamente, bem embalado e t√¥ doida pra iniciar a leitura.",satisfa√ß√£o
5,"Livro √≥timo, recomendo leitura.",satisfa√ß√£o
5,Produto bem embalado e folhas amarelinhas facilitando uma leitura n√£o cansativa,satisfa√ß√£o
1,"Produto veio danificado na ponta, ainda meio esverdeado, como se fossem fungos..",insatisfa√ß√£o
5,Sua vida vai se transformar ap√≥s ler este livro.,satisfa√ß√£o
5,Excelente livro para quem est√° precisando melhorar nas rela√ß√µes interpessoais! O autor faz atrav√©s de exemplos voc√™ melhorar na forma como lidar com as pessoas,satisfa√ß√£o
5,"Muito bom, excelente vis√£o.",satisfa√ß√£o
5,Um √≥timo livro tanto para se relacionar melhor quanto para melhorar o autoconhecimento.,satisfa√ß√£o
5,Fundamental para as rela√ß√µes interpessoais.,satisfa√ß√£o
5,Produto bem embalado e entregue corretamente.,satisfa√ß√£o
5,√ìtimo livro,satisfa√ß√£o
5,exdcelnete,satisfa√ß√£o
5,Livro √≥timo para aprender a lidar com as pessoas.,satisfa√ß√£o
5,"O produto chegou bem embalado, antes do prazo, super recomendo.",satisfa√ß√£o
5,Melhor livro sobre relacionamento humano que existe.,satisfa√ß√£o
5,Realmente √© um dos poucos livros que fazem a mudan√ßa no nosso jeito de pensarVale a pena o investimento!,satisfa√ß√£o
5,Gostei muito do livro.,satisfa√ß√£o
5,Todo mundo deveria ler.,satisfa√ß√£o
3,O Livro veio com uns amassos na capa.,neutro
5,H√° tempos queria e comprei por um pre√ßo √≥timo.,satisfa√ß√£o
5,"Parece uma simples livro de autoajuda, mas creio que TODO MUNDO deveria ler. √â um pequeno manual b√°sico de como agir em sociedade.",satisfa√ß√£o
5,Um livro impar... Imprescind√≠vel para quem trabalha e lidera equipes... Em 2030... Este livro continuar√° sendo atual!! Recomendo a leitura e releitura!!!,satisfa√ß√£o
5,Muito bem embalado.,satisfa√ß√£o
4,√ìtimo livro,satisfa√ß√£o
5,"Um dos melhores livros que j√° li, sem d√∫vidas!! E a entrega dentro do prazo.",satisfa√ß√£o
4,"Passou um pouco do prazo de entrega, mas isto j√° foi erro meu. N√£o tenho oq comentar do conte√∫do do livro.",satisfa√ß√£o
5,O livro nos estrutura e nos da exemplos claros daquilo que Jesus nos ensinou quando veio ao mundo.. simples assim.,satisfa√ß√£o
5,Muito bom!,satisfa√ß√£o
5,"O livro chegou na data prevista para a entrega, chegou em bom estado e bem lacrado.",satisfa√ß√£o
3,Um ritual de boas pr√°ticas educacionais!Vai variar do seu perfil e do seu temperamento! Mas vale o aprendizado.,neutro
3,"O livro √© muito bom, mas chegou bastante amassado.",neutro
5,"Muito maravilhoso, melhor livro que j√° li na minha vida, j√° tinha escutado muito sobre ele e superou minhas expectativas!!",satisfa√ß√£o
5,Excelente sem coment√°rios,satisfa√ß√£o
5,"T√≠tulo do livro pode at√© enganar, a leitura vai bem mais al√©m ao que o t√≠tulo de prop√µe. √ìtima leitura.",satisfa√ß√£o
5,"Adorei o livro, vale muito a leitura.",satisfa√ß√£o
5,Esse livro √© emba√ßado em...Super recomendo pra quem tem dificuldades de se relacionar com as pessoas.,satisfa√ß√£o
5,√ìtimo livro,satisfa√ß√£o
5,O livro foi me recomendado √© realmente muito bom,satisfa√ß√£o
5,"Livro nota 10, transformador, recomendo",satisfa√ß√£o
5,Todo mundo deveria ler esse livro!,satisfa√ß√£o
5,"Estou com 47 anos, gostaria te ter lido este livro pela primeira vez h√° uns trinta anos atr√°s... Mas, nunca √© tarde para come√ßar. üòä",satisfa√ß√£o
5,Livro indispens√°vel para quem deseja lidar com pessoas. Chego novinho sem nenhum amassado.,satisfa√ß√£o
5,√â um excelente livro!,satisfa√ß√£o
5,Estou aprendendo muito!,satisfa√ß√£o
5,"√ìtima leitura, livro muito bom",satisfa√ß√£o
5,Livros excelente com dicas que realmente fazem a diferen√ßa!,satisfa√ß√£o
5,Com certeza √© muito obrigat√≥rio,satisfa√ß√£o
5,"Leitura maravilhosa, entrega r√°pida!",satisfa√ß√£o
5,Ok,satisfa√ß√£o
5,"Incr√≠vel, entrega no dia seguinte.",satisfa√ß√£o
5,"√ìtimo Produto , chegou muito r√°pido e o livro √© muito top !",satisfa√ß√£o
5,"Sensacional, √© melhor livro que j√° li",satisfa√ß√£o
5,O LIVRO foi indicado e amei,satisfa√ß√£o
5,=),satisfa√ß√£o
5,"O livro possui uma linguagem clara, objetiva com muitos exemplos aplicados, o que torna ainda mais real.",satisfa√ß√£o
5,Ensinamentos atemporais que todos deveriam ler. Me arrependo de n√£o ter lido antes. Recomendo!,satisfa√ß√£o
5,"Livro muito interessante, que ajuda demais nas rela√ß√µes interpessoais. Recomendo bastante.",satisfa√ß√£o
5,Muito bom,satisfa√ß√£o
5,Livro excelente e necess√°rio parar TODOS. Todo mundo deveria ler!,satisfa√ß√£o
5,Gostei muito!,satisfa√ß√£o
5,Livro maravilhoso! Super indico!,satisfa√ß√£o
5,√ìtimo livro!,satisfa√ß√£o
5,Muito bom!,satisfa√ß√£o
5,Livro muda sua percep√ß√£o do mundo!,satisfa√ß√£o
5,√ìtimo livro,satisfa√ß√£o
5,Livro excelente que traz ensinamentos para a vida. Ler e reler,satisfa√ß√£o
5,"Perfeito, apenas leiam e pratiquem o que est√° escrito.",satisfa√ß√£o
5,Chegou no dia certinho e muito bem embalado,satisfa√ß√£o
5,O livro √© mto bom,satisfa√ß√£o
4,Livro f√°cil de ler e fundamentos necess√°rios para um bom relacionamento.,satisfa√ß√£o
5,Este livro √© uma importante fonte de conhecimento!,satisfa√ß√£o
5,Muito bom bem embalado os produtos.,satisfa√ß√£o
5,"Entrega muito r√°pida, 100% satisfeito!",satisfa√ß√£o
5,"√ìtimo, melhor imposs√≠vel, chegou antes do prazo esperado ü§©ü§©ü§©",satisfa√ß√£o
5,Produto chegou perfeito,satisfa√ß√£o
5,Excelente livro!!!Recomendo muito.,satisfa√ß√£o
5,Eu amei! Muitas pessoas me indicaram ele.,satisfa√ß√£o
5,Ainda n√£o iniciei a leitura.Mas foi muito indicada por quem j√° leu.,satisfa√ß√£o
5,Livro curto e √≥timo de ler,satisfa√ß√£o
5,"Um dos melhores livros que j√° li na vida, apliquei as li√ß√µes e elas funcionaram automaticamente",satisfa√ß√£o
5,Livro de Excel√™ncia!,satisfa√ß√£o
5,Livro excelente. Relendo.,satisfa√ß√£o
5,"adorei o livro √© de f√°cil intendimento, muitos exemplos pr√°ticos e atuais indico a todos",satisfa√ß√£o
5,muito bom,satisfa√ß√£o
5,Melhor livro do mundo .,satisfa√ß√£o
5,Chegou em perfeito estado e muito r√°pido... excelente leitura,satisfa√ß√£o
4,Muito bom!,satisfa√ß√£o
3,"Livro maravilhoso, linguagem direta e o conte√∫do √© sensacional üëèüèºüëèüèº",neutro
5,entrega rapida/melhor pre√ßo,satisfa√ß√£o
5,vou comprar mais,satisfa√ß√£o
5,Chegou bem antes do prazo ^^,satisfa√ß√£o
5,"Amei , chegou perfeito e muito r√°pido",satisfa√ß√£o
5,Livro sensacional,satisfa√ß√£o
5,Muito bom Livro!,satisfa√ß√£o
5,Muito bom!,satisfa√ß√£o
5,Recomendo,satisfa√ß√£o
5,Livro de f√°cil compreendimento!,satisfa√ß√£o
5,Um dos melhores livros que j√° li!,satisfa√ß√£o
5,O livro veio em √≥timo estado!!,satisfa√ß√£o
5,Livro √∫til em qualquer √©poca.,satisfa√ß√£o
5,"Muito bom, veio bem embalado e chegou rapidamente.",satisfa√ß√£o
5,Gostei,satisfa√ß√£o
5,Amando a leitura.,satisfa√ß√£o
5,Amei o livro‚ô•Ô∏è,satisfa√ß√£o
5,R√°pida entrega e lindo livro,satisfa√ß√£o
5,√ìtimo,satisfa√ß√£o
5,"Amei o livro super recomendo, aproventem",satisfa√ß√£o
5,Livro chegou em √≥timas condi√ß√µes.,satisfa√ß√£o
5,Produto muito bom!!,satisfa√ß√£o
5,"√ìtimo livro, chegou r√°pido na minha casa. Obrigado Amazon",satisfa√ß√£o
5,√ìtimo livro,satisfa√ß√£o
4,Excelente conte√∫do com bons exemplos a serem aplicados,satisfa√ß√£o
5,ansiosa para ler,satisfa√ß√£o
5,√ìtimo produto,satisfa√ß√£o
5,"Realmente, faz o que promete fazer.",satisfa√ß√£o
5,Excelente livro !,satisfa√ß√£o
5,EXELENTE,satisfa√ß√£o
5,Maravilhoso.,satisfa√ß√£o
5,Muito Bom!!,satisfa√ß√£o
4,Bom,satisfa√ß√£o
5,"O universo √© composto de 84,5% de mat√©ria escura, uma forma de mat√©ria que temos muita dificuldade de detectar ‚Äî apesar de seu significativo impacto na realidade. ""Como fazer amigos e influenciar pessoas"" √© um destes livros que √© como mat√©ria escura do pensamento contempor√¢neo.N√£o o vemos ganhando destaque em c√≠rculos intelectuais na academia ou sendo aclamado como queridinho pelas estrelas da cultura pop. Pelo contr√°rio: √© comum ler cr√≠ticas menosprezando-o como bobagem de autoajuda. Apesar desta reputa√ß√£o, o livro √© onipresente. √â dif√≠cil n√£o encontr√°-lo em posi√ß√µes de destaque em livrarias de rodovi√°rias, aeroportos ou shoppings. Onde quer que se v√°, l√° est√° Dale Carnegie. O que h√° de t√£o especial aqui?A promessa do livro √© que a maior parte do sucesso n√£o est√° na t√©cnica e sim em como relacionar-se com outros seres humanos. Para isso, apresenta regras que separo livremente em 3 se√ß√µes:1. Como tornar-se uma pessoa mais amig√°vel2. Como conversar demonstrando respeito pelas outras pessoas3. Como incentivar mudan√ßas de atitude e comportamento (lideran√ßa)A primeira parte possui um ar filos√≥fico-religioso, nos convidando a abandonar o h√°bito da queixa, cr√≠tica e condena√ß√£o dos demais ‚Äî costume que j√° era popular muito antes do tempo do autor e permanece at√© hoje (E por que reparas tu no argueiro que est√° no olho do teu irm√£o, e n√£o v√™s a trave que est√° no teu olho? Mateus 7:3; N√£o se queixe da neve no telhado da casa do seu vizinho, quando a soleira da sua porta n√£o est√° limpa. Conf√∫cio).A segunda parte √© sobre empatia. O incentivo √© para demonstrar respeito √† pessoa com quem se fala, levando em considera√ß√£o seus sentimentos ao inv√©s de somente falar o que desejamos. Isso significa tanto regras que s√£o exemplos de bom senso como ""Procure honestamente ver as coisas do ponto de vista da outra pessoa"" quanto pontos n√£o t√£o √≥bvios como ""A √∫nica maneira de ganhar uma discuss√£o √© evit√°-la"".Por √∫ltimo, o livro apresenta conselhos sobre como um l√≠der deve se comunicar para melhorar o comportamento da sua equipe. Assim como na segunda parte, o foco est√° em como comunicar-se com respeito ao outro ‚Äî especialmente ao efetuar uma corre√ß√£o necess√°ria (""Fale sobre os seus erros antes de criticar os de outra pessoa"").Do ponto de vista de estilo, o livro traz muitos exemplos antigos de como aplicar as regras (como cartas muito formais, impens√°veis nos anos 2020) que s√£o um charme √† parte, datando a obra de uma maneira delicada e refor√ßando a sua identidade. Al√©m disso, tamb√©m possui hist√≥rias que despertam os sentimentos mais nobres em n√≥s, sendo uma leitura inspiradora ‚Äî daquelas que d√£o vontade de iniciar mudan√ßas na vida imediatamente.""Como fazer amigos e influenciar pessoas"" √© um livro de quase 100 anos de idade e que permanece atual, merecendo seu lugar de destaque (junto com Napoleon Hill) no pante√£o de autoajuda e desenvolvimento pessoal. Li este livro depois de ter passado por muitos outros autores contempor√¢neos de autoajuda e compreendi que muitas das ideias que vemos no setor na verdade s√£o modifica√ß√µes / deriva√ß√µes / atualiza√ß√µes do que j√° foi falado aqui.Recomendado para quem busca desenvolver-se como ser humano e quer se tocado pelo esp√≠rito criador do s√©culo XX.",satisfa√ß√£o
5,"Desde crian√ßa sempre ouvi falar sobre esse livro, todos falavam que era um √≥timo livro, que realmente fazia diferen√ßa na vida das pessoas que o liam e realmente utilizavam-se dos conselhos descritos nele. Por√©m sempre tive um p√© atr√°s com o livro, √© aquele velho ditado: ""Nunca julgue um livro pela capa"" entretanto era o que eu fazia com esse. S√≥ agora em 2020, em plena quarentena, resolvi comprar esse livro, comecei a ler a achei t√£o interessante e envolvente que li em apenas uma noite e uma manh√£. E mesmo sendo lan√ßado em meados de 1938 essa obra ainda √© MUITO atual, revelando que as intera√ß√µes humanas n√£o se modificam com o passar do tempo, tanto √© que se voc√™ ler o livro e interpreta-lo no contexto atual, voc√™ ter√° a impress√£o que ele foi escrito recentemente. Portanto, se a pessoa comprar no intuito de ter uma rela√ß√£o interpessoal melhor, √© certeza que ir√° conseguir, desde que utiliza-se dos princ√≠pios nele descrito. A parte inicial dos 6 primeiros princ√≠pios em rela√ß√£o a amizade s√£o coisas t√£o comuns que voc√™ j√° at√© imagina mas talvez nunca tenha dado total import√¢ncia a isso, e ao ler voc√™ nota que realmente s√£o coisas que fazem a total diferen√ßa, basta ler e interpretar como se algu√©m estivesse fazendo esses princ√≠pios com voc√™. Se ap√≥s a leitura, voc√™ realizar ao menos 50% dos princ√≠pios, pode ter certeza que sua vida em rela√ß√£o a amizades ir√° melhorar e muito. N√£o √© √† toa que esse livro, mesmo ap√≥s mais de 80 anos do lan√ßamento, ainda seja um dos mais vendidos do mundo. O √∫nico arrependimento que eu tenho √© de ter lido antes, quando eu era bem mais novo.",satisfa√ß√£o
3,"Adquiri esse livro por pura curiosidade pois ao entrar em qualquer livraria essa √© a prima obra que chega aos olhos de quem est√° entrando, estando sempre nas primeiras prateleiras e vidrarias. Por conseguinte, realizei a leitura de parte da obra. Os pontos principais se resumem em ""ser bom"", ""ser tolerante"", ""estar realmente interessado no que o outro tem a falar"" e ""ser tolerante"". Desse modo, n√£o julgo quem acha esse livro um divisor de √°guas, mas para qualquer indiv√≠duo minimamente politizado, √© simples perca de tempo, al√©m de estar totalmente desatualizado. Para curiosos de plant√£o que vivem em cavernas no s√©culo XXI, talvez possa valer a pena, mas para demais indiv√≠duos, duvido da necessidade dessa leitura.",neutro
5,"Uma obra prima realmente, que trata da principal atribui√ß√£o social que o ser humano deve ter, na minha opini√£o: a empatia. Ali√°s, os melhores livros de neg√≥cios s√£o, em realidade, livros sobre pessoas, sobre escut√°-las de verdade para entend√™-las profundamente, aumentando sua percep√ß√£o sobre elas e ao mesmo tempo sobre voc√™ mesmo; √© tamb√©m sobre procurar acordos dadas as v√°rias nuances que o ser humano vai apresentando ao longo da vida e entender isso √© crucial para melhorarmos o relacionamento. E a√≠ avan√ßamos como ser humano.",satisfa√ß√£o
5,"Sempre fico com um p√© atr√°s quando o assunto s√£o livros de autoajuda. No entanto, ""Como Fazer Amigos e Influenciar Pessoas"" acabou superando minhas expectativas.Como √© um livro com diversos cap√≠tulos e subcap√≠tulos, fica f√°cil se organizar para l√™-lo. N√£o √© uma leitura dif√≠cil, por√©m √© recomendado que a realize mais de uma vez, dado que s√£o abordados diversos t√≥picos em uma quantidade de p√°ginas relativamente pequena.Indo direto ao ponto, caso deseje aperfei√ßoar seu modo de lidar com as pessoas, sejam elas filhos, pais, empregados, chefes, etc. Esse √© o livro para voc√™!",satisfa√ß√£o
1,"T√¥ lutando pra terminar esse livro... muito cansativo, repetitivo demais! Falto 15pg e tudo que deu pra absorver de bom foi 1%... esperava muito mais... Se voc√™ n√£o comprou, n√£o recomendo! Muito clich√™üò™",insatisfa√ß√£o
3,"Seu conte√∫do inicial e muito did√°tico e bem atual, prende a aten√ß√£o do leitor, por√©m a medida que vai se prosseguindo aos cap√≠tulos seguintes, o tema come√ßa a ser repetitivo, e logo nos brasileiros notaremos que o autor narra estrat√©gias que s√£o muito mais aplic√°veis ao tipo de comportamento americano, e ent√£o, o conte√∫do fica desinteressante. Esperava mais deste livro, mais do mesmo!",neutro
5,O livro √© uma aula demonstrativa de aplicar empatia e boas maneiras. Recomendado. Sucesso centen√°rio.,satisfa√ß√£o
5,"Sem d√∫vida um dos melhores livros que j√° li na vida. Para quem acredita que com um titulo desse, o livro ir√° tratar de manipula√ß√£o e falsidade nas rela√ß√µes humanas, muito pelo contr√°rio. Trata-se de um livro que foca em como voc√™ sendo verdadeiro e se colocando nos lugar das outras pessoas, pode evoluir em diversos aspectos da vida.",satisfa√ß√£o
2,"Esse livro poderia ter 20 p√°ginas. O que a autora fala √© interessante, mas todo capitulo √© igual, exemplos e mais exemplos iguais, teve cap√≠tulos que pulei inteiro porque j√° sabia o que ia ser dito. Recomendo pra quem tem paci√™ncia de ler a mesma coisa por 250 p√°ginas.",insatisfa√ß√£o
5,"Um livro para nos tornarmos pessoas melhores, trazer √† tona o olhar para o outro e tirar o que h√° de melhor nele.  Vai fazer voc√™ deixar de usar as t√©cnicas de relacionamento e sentir a ess√™ncia e a import√¢ncia de, atrav√©s da t√©cnica, ter a oportunidade de ser e de fazer uma pessoa melhor.",satisfa√ß√£o
4,"√â um bom livro, mas nada de surpreendente. Ensina sim algumas t√©cnicas para ter um bom relacionamento social, mas acaba sendo enjoativo com tanto de exemplos que o autor aplica.",satisfa√ß√£o
5,"Boa noiteGostaria primeiramente em  agradecer o escritor deste livro Dale Carnegie , esse livro √© uma obra prima muito bom. F√°cil de ler leve , bem escrito com bons exemplos.Sensacional...",satisfa√ß√£o
5,Sinceramente foi o livro que mudou completamente minha vida. Dale √© diferenciado de todos do genero de desenvolvimento pessoal. Comprem sem medo.,satisfa√ß√£o
5,"Comprei para presentear meu namorado, o livro veio em perfeito estado, ele amou e a embalagem de presente veio perfeita e a entrega foi super r√°pida",satisfa√ß√£o
5,Parab√©ns pela entrega chegou antes da data prevista. Quanto ao livro dispensa coment√°rios. Excelente obra temuma abordagem excepcional de como construir ou manter relacionamento  ativo no campo social profissional ou familiar ...,satisfa√ß√£o
5,"Dei de presente pra minha irm√£, ela amou!",satisfa√ß√£o
4,Produto muito bom por√©m me decepcionei com a embalagem... comprei 2 produtos e pedi duas embalagens de presente... foi enviado tudo na mesma embalagem.,satisfa√ß√£o
5,"√â Livro indispens√°vel para empreendedores, vendedores e l√≠deres",satisfa√ß√£o
1,"Eu esperava mais por esse livroPor sem um exemplar com milhares vendidos.N√£o gostei, e  n√£o indico.",insatisfa√ß√£o
5,"Um dos melhores livros que j√° li ! Me abriu os olhos para detalhes e coisas que eu jamais reparei ! √â muito enriquecedor e transformador, toda pessoa deveria l√™-lo !",satisfa√ß√£o
5,Leitura fluida com informa√ß√µes bem uteis e embasadas. Recomendo.,satisfa√ß√£o
5,"Estou dando 5 estrelas, pois esse livro cont√©m v√°rias dicas de como se sair bem de qualquer situa√ß√£o que envolva o di√°logo. Pra mim, ele √© a a B√≠blia das rela√ß√µes interpessoais.",satisfa√ß√£o
5,"Sem palavras, queria ter lido este livro a uns 10 anos atr√°s, muito enriquecedor!",satisfa√ß√£o
5,Chegou embalado corretamente e todo lacrado. Veio impec√°vel,satisfa√ß√£o
5,Livro muito bom mesmo.,satisfa√ß√£o
5,Muito bom,satisfa√ß√£o
5,Leitura de f√°cil entendimento,satisfa√ß√£o
5,Produto chegou antes do prazo e com perfeita qualidade!,satisfa√ß√£o
5,Te faz abrir a mente e pensar primeiramente no pr√≥ximo ao inv√©s de pensar em si mesmo.,satisfa√ß√£o
5,"Chegou r√°pido, ainda estou no come√ßo do livro, mais est√° me surpreendendo",satisfa√ß√£o
5,Bom,satisfa√ß√£o
5,"Livro realmente surpreendente, superou √© muito minhas expectativas!",satisfa√ß√£o
1,Algu√©m me ajudaaaaa,insatisfa√ß√£o
5,Esse livro √© um manual de comunica√ß√£o assertiva. Melhor livro que j√° li sobre o tema. Recomendo.,satisfa√ß√£o
5,Melhor livro que j√° li. Mudou minha vida completamente. üëèüèªüëèüèªüëèüèª,satisfa√ß√£o
5,Muito bom chegou antes do prazoPerfeito,satisfa√ß√£o
5,Excelente produto.,satisfa√ß√£o
5,√ìtimo livro,satisfa√ß√£o
5,Entrega e Livro excelentes!,satisfa√ß√£o
5,Adorei a proposta do livro e os ensinamentos di√°rios dele. Utilizo como um guia para ser uma pessoa melhor.,satisfa√ß√£o
5,"Apesar de o ego nem sempre deixar os ensinamentos do livro serem aplicados, livro cheio de conte√∫do muito bom. Algumas coisas podem parecer l√≥gicas mas tem coisa l√≥gica que √© bom a gente ler para ter mais peso. Um livro que deveria ser obrigat√≥rio para criarmos uma sociedade pelo menos mais agrad√°vel de se viver.",satisfa√ß√£o
5,"Livro que nos faz refletir sobre como estamos nos nossos relacionamentos pessoais e profissionais!!!Muito booom, acredito que todos devem ler!",satisfa√ß√£o
5,Excelente,satisfa√ß√£o
5,Very good!!,satisfa√ß√£o
